{
    "license": "MIT",
    "pragma": "solidity ^0.8.19",
    "imports": [
        "./core/ERC20.sol",
        "./core/utils/BlackList.sol",
        "@openzeppelin/contracts/security/Pausable.sol",
        "@openzeppelin/contracts/proxy/utils/Initializable.sol",
        "@openzeppelin/contracts/access/Ownable.sol"
    ],
    "contract": "EssentialToken",
    "description": "An ERC20 token contract with pausable functionality, blacklist support, and owner-only minting.",
    "code": {
        "constructor": {
            "details": "Disables initializers during deployment.",
            "function": "constructor"
        },
        "functions": [
            {
                "name": "initialize",
                "description": "Initializes the token with the given parameters.",
                "parameters": {
                    "_owner": "address",
                    "_name": "string",
                    "_symbol": "string",
                    "_decimals": "uint8",
                    "_initialSupply": "uint256",
                    "_maxSupply": "uint256"
                },
                "modifier": "initializer"
            },
            {
                "name": "pause",
                "description": "Pauses the contract (halts transfers).",
                "access": "onlyOwner"
            },
            {
                "name": "unpause",
                "description": "Unpauses the contract (resumes transfers).",
                "access": "onlyOwner"
            },
            {
                "name": "mint",
                "description": "Mints new tokens to a specified address.",
                "parameters": {
                    "to": "address",
                    "amount": "uint256"
                },
                "access": "onlyOwner"
            },
            {
                "name": "blockAccount",
                "description": "Blocks a specific account from transfers.",
                "parameters": {
                    "_account": "address"
                },
                "access": "onlyOwner"
            },
            {
                "name": "unblockAccount",
                "description": "Unblocks a specific account for transfers.",
                "parameters": {
                    "_account": "address"
                },
                "access": "onlyOwner"
            },
            {
                "name": "_beforeTokenTransfer",
                "description": "Checks that transfers are allowed based on pause state and blacklist.",
                "parameters": {
                    "from": "address",
                    "to": "address",
                    "amount": "uint256"
                },
                "modifiers": ["whenNotPaused"]
            }
        ]
    }
}
